Panel,Metric,Configuration,Beauty,Sports and Outdoors,Toys and Games,MovieLens-1M
a,NDCG@10,Scheduling Only,"0.0547 ± 0.0004 [0.0542, 0.0552]","0.0501 ± 0.0004 [0.0496, 0.0506]","0.0541 ± 0.0004 [0.0536, 0.0546]","0.1186 ± 0.0006 [0.1179, 0.1193]"
a,NDCG@10,Denoiser Conditioning Only,"0.0539 ± 0.0005 [0.0533, 0.0545]","0.0494 ± 0.0005 [0.0488, 0.0500]","0.0534 ± 0.0005 [0.0528, 0.0540]","0.1174 ± 0.0007 [0.1165, 0.1183]"
a,NDCG@10,Preference Attention Only,"0.0537 ± 0.0005 [0.0531, 0.0543]","0.0492 ± 0.0005 [0.0486, 0.0498]","0.0535 ± 0.0005 [0.0529, 0.0541]","0.1172 ± 0.0007 [0.1163, 0.1181]"
a,NDCG@10,Full ISDSRec,"0.0560 ± 0.0003 [0.0556, 0.0564]","0.0512 ± 0.0003 [0.0508, 0.0516]","0.0554 ± 0.0003 [0.0550, 0.0558]","0.1212 ± 0.0004 [0.1207, 0.1217]"
b,NDCG@10,Semantic Off + Scheduling Off,"0.0467 ± 0.0006 [0.0460, 0.0474]","0.0437 ± 0.0006 [0.0430, 0.0444]","0.0462 ± 0.0006 [0.0455, 0.0469]","0.1042 ± 0.0008 [0.1032, 0.1052]"
b,NDCG@10,Semantic On + Scheduling Off,"0.0544 ± 0.0004 [0.0539, 0.0549]","0.0498 ± 0.0004 [0.0493, 0.0503]","0.0545 ± 0.0004 [0.0540, 0.0550]","0.1179 ± 0.0006 [0.1172, 0.1186]"
b,NDCG@10,Semantic Off + Scheduling On,"0.0481 ± 0.0005 [0.0475, 0.0487]","0.0447 ± 0.0005 [0.0441, 0.0453]","0.0475 ± 0.0005 [0.0469, 0.0481]","0.1065 ± 0.0007 [0.1056, 0.1074]"
b,NDCG@10,Semantic On + Scheduling On,"0.0560 ± 0.0003 [0.0556, 0.0564]","0.0512 ± 0.0003 [0.0508, 0.0516]","0.0554 ± 0.0003 [0.0550, 0.0558]","0.1212 ± 0.0004 [0.1207, 0.1217]"
b,NDCG@10,Interaction effect,+0.0002,+0.0004,−0.0004,+0.0010
